<keymap version="1" name="Windows copy" parent="$default">
  <action id="IntroduceTypeAlias" />
  <action id="Macro.Save Reformat Imports">
    <keyboard-shortcut first-keystroke="ctrl s" />
  </action>
  <action id="SaveAll" />
  <action id="UpdateRunningApplication" />
  <action id="Vcs.QuickListPopupAction">
    <keyboard-shortcut first-keystroke="alt back_quote" />
    <keyboard-shortcut first-keystroke="alt g" />
  </action>
  <action id="android.deploy.ApplyChanges">
    <keyboard-shortcut first-keystroke="ctrl f10" />
  </action>
  <action id="android.deploy.CodeSwap">
    <keyboard-shortcut first-keystroke="ctrl alt f10" />
  </action>
</keymap>