<application>
  <component name="AndroidLogcatFilterHistory">
    <option name="mostRecentlyUsed" value="package:mine sdfasdfa" />
    <option name="nonFavorites">
      <list>
        <option value="package:mine sdfasdfa" />
        <option value="package:mine" />
        <option value="package:mine firebase" />
        <option value="package:mine ASDfsadfasd" />
        <option value="package:mine Player" />
        <option value="package:mine Viewdeed" />
        <option value="package:mine JWTTT" />
        <option value="package:mine level:warn " />
        <option value="package:mine Play -&gt;" />
        <option value="package:mine " />
        <option value="package:mine exxxccz" />
        <option value="package:mine &lt;--" />
        <option value="Play -&gt;" />
        <option value="package:mine Textssss" />
        <option value="level:warn package:mine " />
        <option value="level:warn " />
        <option value="package:com.example.tset_demo" />
        <option value="level:warn package:com.example.tset_demo" />
        <option value="level:warn package:com.example.tset_demo " />
        <option value="level:warn package=:com.example.tset_demo" />
      </list>
    </option>
  </component>
</application>